,1,Mark,Otto,@mdo,mdo@gmail.com,28
,2,Jacob,Thornton,@fat,fat@yandex.ru,45
,3,Larry,Bird,@twitter,twitter@outlook.com,18
,4,John,Snow,@snow,snow@gmail.com,20
,5,Jack,Sparrow,@jack,jack@yandex.ru,30
,6,Ann,Smith,@ann,ann@gmail.com,21
,7,Barbara,Black,@barbara,barbara@yandex.ru,43
,8,Sevan,Bagrat,@sevan,sevan@outlook.com,13
,9,Ruben,Vardan,@ruben,ruben@gmail.com,22
,10,Karen,Sevan,@karen,karen@yandex.ru,33